area,methods,path,handler_module,handler_name,source_file,source_line,template,auth_required,js_callers
_shell,GET,/chat/dock,web.routes.chat,get_chat_dock,web/routes/chat.py,2113,_partials/shirley_dock.html,session,0
_shell,POST,/logout,web.routes.login,logout,web/routes/login.py,217,,session,0
_shell,POST,/shell/sidebar/toggle,web.routes.shell,toggle_sidebar,web/routes/shell.py,50,,session,0
admin,GET,/admin,web.routes.areas,admin_view,web/routes/areas.py,379,areas/admin.html;_partials/area_fragment.html,session,0
admin,GET,/admin/providers-credentials/openrouter/models,web.routes.provider_credentials,get_openrouter_models,web/routes/provider_credentials.py,925,_partials/openrouter_model_datalist.html,session,0
admin,GET,/admin/providers-credentials/section,web.routes.provider_credentials,get_provider_credentials_section,web/routes/provider_credentials.py,909,_partials/provider_credentials_section.html,session,0
admin,POST,/admin/providers-credentials/telegram/pair,web.routes.provider_credentials,generate_pairing_code,web/routes/provider_credentials.py,1075,_partials/provider_credentials_section.html,session,0
admin,POST,/admin/providers-credentials/telegram/unpair,web.routes.provider_credentials,revoke_pairing,web/routes/provider_credentials.py,1111,_partials/provider_credentials_section.html,session,0
admin,POST,/admin/providers-credentials/tenant,web.routes.provider_credentials,save_tenant_setting,web/routes/provider_credentials.py,1011,_partials/provider_credentials_section.html,session,0
admin,POST,/admin/providers-credentials/user,web.routes.provider_credentials,save_user_setting,web/routes/provider_credentials.py,1043,_partials/provider_credentials_section.html,session,0
admin,POST,/admin/users/create,web.routes.tenant_users,create_tenant_user,web/routes/tenant_users.py,337,_partials/tenant_users_section.html,session,0
admin,GET,/admin/users/section,web.routes.tenant_users,get_tenant_users_section,web/routes/tenant_users.py,322,_partials/tenant_users_section.html,session,0
admin,POST,/admin/users/{user_id}/deactivate,web.routes.tenant_users,deactivate_tenant_user,web/routes/tenant_users.py,378,_partials/tenant_users_section.html,session,0
admin,POST,/admin/users/{user_id}/reactivate,web.routes.tenant_users,reactivate_tenant_user,web/routes/tenant_users.py,411,_partials/tenant_users_section.html,session,0
admin,POST,/admin/users/{user_id}/reset-password,web.routes.tenant_users,reset_tenant_user_password,web/routes/tenant_users.py,443,_partials/tenant_users_section.html,session,0
admin,POST,/admin/users/{user_id}/role,web.routes.tenant_users,change_tenant_user_role,web/routes/tenant_users.py,489,_partials/tenant_users_section.html,session,0
admin,GET,/api/data-import/section,web.routes.data_import,get_data_import_section,web/routes/data_import.py,467,_partials/data_import_section.html,session,0
admin,POST,/api/data-import/section/upload,web.routes.data_import,post_data_import_section_upload,web/routes/data_import.py,480,_partials/data_import_preview.html;_partials/data_import_upload_form.html,session,0
admin,GET,/api/data-import/section/upload/{upload_id},web.routes.data_import,get_data_import_section_upload,web/routes/data_import.py,590,_partials/data_import_preview.html;_partials/data_import_upload_form.html,session,0
admin,POST,/api/data-uploads/{upload_id}/import-as-investments,web.routes.data_import,post_import_upload_as_investments,web/routes/data_import.py,773,,session,1
admin|front_office,POST,/api/market-data/refresh-now,web.routes.market_data,refresh_now,web/routes/market_data.py,372,_partials/market_data_panel.html;_partials/overview_refresh_result.html,session,0
admin|front_office,GET,/api/market-data/refresh/poll,web.routes.market_data,poll_refresh,web/routes/market_data.py,484,_partials/market_data_panel.html,session,0
admin|front_office,POST,/api/market-data/schedule,web.routes.market_data,save_schedule,web/routes/market_data.py,275,_partials/market_data_panel.html,session,0
admin|front_office,GET,/api/overview/refresh/poll,web.routes.overview,poll_overview_refresh,web/routes/overview.py,328,_partials/overview_error.html;_partials/overview_section.html,session,0
assistants,GET,/assistants,web.routes.areas,assistants_view,web/routes/areas.py,451,areas/assistants.html;_partials/area_fragment.html,session,0
assistants,POST,/scraper/runs,web.routes.scraper,scraper_run_start,web/routes/scraper.py,472,_partials/scraper_run_mount.html,session,0
assistants,POST,/scraper/runs/{run_id}/cancel,web.routes.scraper,scraper_run_cancel,web/routes/scraper.py,571,,session,1
assistants,GET,/scraper/runs/{run_id}/stream,web.routes.scraper,scraper_run_stream,web/routes/scraper.py,748,_partials/scraper_progress.html;_partials/scraper_results.html,session,1
assistants,GET,/scraper/section,web.routes.scraper,scraper_section,web/routes/scraper.py,380,_partials/scraper_section.html,session,0
back_office,GET,/api/back-office/benchmarks-attribution/section,web.routes.benchmarks_attribution,get_benchmarks_attribution_section,web/routes/benchmarks_attribution.py,338,_partials/benchmarks_attribution_error.html;_partials/benchmarks_attribution_section.html,session,0
back_office,GET,/api/back-office/benchmarks-attribution/stage-a/investment-detail,web.routes.benchmarks_attribution,get_stage_a_investment_detail,web/routes/benchmarks_attribution.py,428,_partials/benchmarks_attribution_stage_a_detail_row.html,session,1
back_office,GET,/api/back-office/benchmarks-attribution/stage-c/configuration-switch,web.routes.benchmarks_attribution,get_stage_c_configuration_switch,web/routes/benchmarks_attribution.py,556,_partials/benchmarks_attribution_stage_c_controls.html,session,0
back_office,GET,/api/back-office/benchmarks-attribution/stage-c/hypothetical,web.routes.benchmarks_attribution,get_stage_c_hypothetical,web/routes/benchmarks_attribution.py,517,_partials/benchmarks_attribution_stage_c_chart.html,session,0
back_office,GET,/api/back-office/limits/section,web.routes.limits,get_limits_section,web/routes/limits.py,232,_partials/limits_error.html;_partials/limits_section.html,session,0
back_office,GET,/api/back-office/limits/sets/{set_id}/limits,web.routes.limits,get_limit_set_detail,web/routes/limits.py,309,_partials/limits_set_detail.html,session,0
back_office,GET,/api/saa/asset-classes,web.routes.saa_section,saa_asset_classes_modal,web/routes/saa_section.py,706,_partials/saa_asset_classes_modal.html,session,1
back_office,POST,/api/saa/asset-classes,web.routes.saa_section,saa_create_asset_class,web/routes/saa_section.py,755,,session,1
back_office,DELETE,/api/saa/asset-classes/{asset_class_id},web.routes.saa_section,saa_delete_asset_class,web/routes/saa_section.py,875,,session,1
back_office,PUT,/api/saa/asset-classes/{asset_class_id},web.routes.saa_section,saa_update_asset_class,web/routes/saa_section.py,819,,session,1
back_office,POST,/api/saa/configuration,web.routes.saa_section,saa_create_configuration,web/routes/saa_section.py,339,,session,1
back_office,DELETE,/api/saa/configuration/{config_id},web.routes.saa_section,saa_delete,web/routes/saa_section.py,555,,session,1
back_office,GET,/api/saa/configuration/{config_id},web.routes.saa_section,saa_configuration_partial,web/routes/saa_section.py,299,_partials/saa_configuration_partial.html,session,1
back_office,PUT,/api/saa/configuration/{config_id},web.routes.saa_section,saa_save,web/routes/saa_section.py,386,,session,1
back_office,POST,/api/saa/configuration/{config_id}/activate,web.routes.saa_section,saa_activate,web/routes/saa_section.py,506,,session,1
back_office,GET,/api/saa/configuration/{config_id}/optimization,web.routes.saa_section,saa_optimization_view,web/routes/saa_section.py,596,_partials/saa_optimization_error.html;_partials/saa_optimization_partial.html,session,0
back_office,GET,/api/saa/section,web.routes.saa_section,saa_section,web/routes/saa_section.py,238,_partials/saa_section.html,session,1
back_office,GET,/back-office,web.routes.areas,back_office_view,web/routes/areas.py,361,areas/back_office.html;_partials/area_fragment.html,session,1
cases,GET,/api/cases/archive,web.routes.cases,get_archive,web/routes/cases.py,457,_partials/cases_archive.html;_partials/cases_archive_results.html,session,0
cases,GET,/api/cases/new,web.routes.cases,get_new_case_form,web/routes/cases.py,519,_partials/cases_new_form.html,session,0
cases,POST,/api/cases/new,web.routes.cases,create_case,web/routes/cases.py,535,_partials/cases_new_form.html;_partials/cases_new_result.html,session,0
cases,GET,/api/cases/open,web.routes.cases,get_open_cases,web/routes/cases.py,388,_partials/cases_open.html,session,0
cases,GET,/api/cases/recently-closed,web.routes.cases,get_recently_closed,web/routes/cases.py,424,_partials/cases_recently_closed.html,session,0
cases,GET,/api/cases/{case_id}/attachments/{attachment_id},web.routes.cases,download_case_attachment,web/routes/cases.py,1370,_partials/cases_composer_close.html;_partials/cases_composer_decision.html;_partials/cases_composer_note.html;_partials/cases_composer_pin.html,session,0
cases,POST,/api/cases/{case_id}/close,web.routes.cases,post_case_close,web/routes/cases.py,1404,_partials/cases_composer_close.html;_partials/cases_composer_decision.html;_partials/cases_composer_note.html;_partials/cases_composer_pin.html,session,0
cases,GET,/api/cases/{case_id}/composer/{action},web.routes.cases,get_case_composer,web/routes/cases.py,1004,_partials/cases_composer_close.html;_partials/cases_composer_decision.html;_partials/cases_composer_note.html;_partials/cases_composer_pin.html,session,0
cases,POST,/api/cases/{case_id}/decision,web.routes.cases,post_case_decision,web/routes/cases.py,1108,_partials/cases_detail_timeline.html,session,0
cases,POST,/api/cases/{case_id}/note,web.routes.cases,post_case_note,web/routes/cases.py,1046,_partials/cases_detail_timeline.html,session,0
cases,POST,/api/cases/{case_id}/pin-document,web.routes.cases,post_case_pin_document,web/routes/cases.py,1175,_partials/cases_pin_result.html,session,0
cases,GET,/cases,web.routes.areas,cases_view,web/routes/areas.py,283,areas/cases.html;_partials/area_fragment.html,session,0
cases,GET,/cases/{case_id},web.routes.cases,case_detail_view,web/routes/cases.py,860,cases_detail.html,session,0
front_office,GET,/api/charts/investment/{investment_id},web.routes.charts,get_charts_investment,web/routes/charts.py,488,_partials/charts_investment_triplet.html,session,0
front_office,GET,/api/charts/section,web.routes.charts,get_charts_section,web/routes/charts.py,423,_partials/charts_section.html,session,0
front_office,GET,/api/overview/section,web.routes.overview,get_overview_section,web/routes/overview.py,149,_partials/overview_error.html;_partials/overview_section.html,session,0
front_office,GET,/api/portfolio-analysis/section,web.routes.portfolio_analysis,get_portfolio_analysis_section,web/routes/portfolio_analysis.py,79,_partials/portfolio_analysis_section.html,session,0
front_office,POST,/api/portfolio-analysis/section/compute,web.routes.portfolio_analysis,post_portfolio_analysis_section_compute,web/routes/portfolio_analysis.py,122,_partials/portfolio_analysis_chart_partial.html;_partials/portfolio_analysis_error.html,session,0
front_office,GET,/api/statistics/section,web.routes.statistics,get_statistics_section,web/routes/statistics.py,61,_partials/statistics_error.html;_partials/statistics_section.html,session,0
front_office,GET,/front-office,web.routes.areas,front_office_view,web/routes/areas.py,222,areas/front_office.html;_partials/area_fragment.html,session,0
investments,GET,/investments,web.routes.investments,investments_list_view,web/routes/investments.py,506,investments/list.html,session,2
investments,POST,/investments,web.routes.investments,investments_create,web/routes/investments.py,622,,session,0
investments,GET,/investments/new,web.routes.investments,investments_new_view,web/routes/investments.py,584,investments/new.html,session,0
investments,DELETE,/investments/{investment_id},web.routes.investments,investments_delete,web/routes/investments.py,1120,,session,2
investments,GET,/investments/{investment_id},web.routes.investments,investments_detail_view,web/routes/investments.py,718,investments/detail.html,session,1
investments,PUT,/investments/{investment_id},web.routes.investments,investments_update,web/routes/investments.py,1001,,session,1
investments,PATCH,/investments/{investment_id}/active,web.routes.investments,investments_set_active,web/routes/investments.py,1162,,session,2
investments,POST,/investments/{investment_id}/cashflows,web.routes.investments,investments_add_cashflow,web/routes/investments.py,1375,,session,1
investments,DELETE,/investments/{investment_id}/cashflows/{cashflow_id},web.routes.investments,investments_delete_cashflow,web/routes/investments.py,1533,,session,1
investments,PUT,/investments/{investment_id}/cashflows/{cashflow_id},web.routes.investments,investments_update_cashflow,web/routes/investments.py,1450,,session,0
investments,GET,/investments/{investment_id}/charts,web.routes.investments,investments_charts_view,web/routes/investments.py,931,investments/charts.html,session,0
investments,GET,/investments/{investment_id}/edit,web.routes.investments,investments_edit_view,web/routes/investments.py,870,investments/edit.html,session,0
investments,POST,/investments/{investment_id}/identifiers,web.routes.investments,investments_add_identifier,web/routes/investments.py,1596,,session,1
investments,DELETE,/investments/{investment_id}/identifiers/{identifier_id},web.routes.investments,investments_delete_identifier,web/routes/investments.py,1716,,session,1
investments,POST,/investments/{investment_id}/identifiers/{identifier_id}/primary,web.routes.investments,investments_set_primary_identifier,web/routes/investments.py,1668,,session,1
investments,POST,/investments/{investment_id}/navs,web.routes.investments,investments_add_nav,web/routes/investments.py,1206,,session,1
investments,DELETE,/investments/{investment_id}/navs/{nav_id},web.routes.investments,investments_delete_nav,web/routes/investments.py,1332,,session,1
investments,PUT,/investments/{investment_id}/navs/{nav_id},web.routes.investments,investments_update_nav,web/routes/investments.py,1267,,session,0
investments,POST,/investments/{investment_id}/positions,web.routes.investments,investments_add_position,web/routes/investments.py,1827,,session,1
investments,DELETE,/investments/{investment_id}/positions/{transaction_id},web.routes.investments,investments_delete_position,web/routes/investments.py,2003,,session,1
investments,PUT,/investments/{investment_id}/positions/{transaction_id},web.routes.investments,investments_update_position,web/routes/investments.py,1922,,session,1
investments,POST,/investments/{investment_id}/valuation-mode/unitised,web.routes.investments,investments_flip_to_unitised,web/routes/investments.py,2055,,session,1
investor_communication,GET,/api/portfolio-review/investment/{investment_id}/section,web.routes.portfolio_review,get_portfolio_review_investment_section,web/routes/portfolio_review.py,337,_partials/portfolio_review_investment_section.html,session,0
investor_communication,GET,/api/portfolio-review/section,web.routes.portfolio_review,get_portfolio_review_section,web/routes/portfolio_review.py,234,_partials/portfolio_review_error.html;_partials/portfolio_review_section.html,session,0
investor_communication,GET,/investor-communication,web.routes.areas,investor_communication_view,web/routes/areas.py,433,areas/investor_communication.html;_partials/area_fragment.html,session,0
planning_desk,GET,/api/planning-desk/cash-flow-planning,web.routes.planning_desk,get_cash_flow_planning_section,web/routes/planning_desk.py,2244,_partials/planning_desk_cash_flow_planning.html;_partials/planning_desk_error.html,session,0
planning_desk,GET,/api/planning-desk/pin-scenario,web.routes.planning_desk,get_pin_scenario_dialog,web/routes/planning_desk.py,2937,_partials/planning_desk_pin_dialog.html,session,0
planning_desk,POST,/api/planning-desk/pin-scenario,web.routes.planning_desk,post_pin_scenario,web/routes/planning_desk.py,3001,_partials/planning_desk_pin_confirm.html;_partials/planning_desk_pin_dialog.html,session,0
planning_desk,GET,/api/planning-desk/scenario-composition,web.routes.planning_desk,get_scenario_composition_section,web/routes/planning_desk.py,2738,_partials/planning_desk_composition.html,session,0
planning_desk,GET,/planning-desk,web.routes.areas,planning_desk_view,web/routes/areas.py,335,areas/planning_desk.html;_partials/area_fragment.html,session,0
super_admin,GET,/super-admin/tenants,web.routes.super_admin,list_tenants_route,web/routes/super_admin.py,214,super_admin/tenants.html,super_admin,0
super_admin,POST,/super-admin/tenants,web.routes.super_admin,create_tenant_route,web/routes/super_admin.py,232,super_admin/tenants.html;super_admin/_partials/_tenants_table.html,super_admin,0
super_admin,GET,/super-admin/tenants/partial,web.routes.super_admin,list_tenants_partial,web/routes/super_admin.py,223,super_admin/_partials/_tenants_table.html,super_admin,0
super_admin,POST,/super-admin/tenants/{tenant_id}/deactivate,web.routes.super_admin,deactivate_tenant_route,web/routes/super_admin.py,309,super_admin/tenants.html;super_admin/_partials/_tenants_table.html,super_admin,0
super_admin,POST,/super-admin/tenants/{tenant_id}/reactivate,web.routes.super_admin,reactivate_tenant_route,web/routes/super_admin.py,335,super_admin/tenants.html;super_admin/_partials/_tenants_table.html,super_admin,0
super_admin,POST,/super-admin/tenants/{tenant_id}/reset-owner,web.routes.super_admin,reset_owner_route,web/routes/super_admin.py,357,super_admin/tenants.html,super_admin,0
super_admin,GET,/super-admin/users,web.routes.super_admin,list_super_admins_route,web/routes/super_admin.py,394,super_admin/users.html,super_admin,0
super_admin,POST,/super-admin/users,web.routes.super_admin,create_super_admin_route,web/routes/super_admin.py,411,super_admin/users.html;super_admin/_partials/_users_table.html,super_admin,0
super_admin,GET,/super-admin/users/partial,web.routes.super_admin,list_super_admins_partial,web/routes/super_admin.py,403,super_admin/_partials/_users_table.html,super_admin,0
super_admin,POST,/super-admin/users/{user_id}/deactivate,web.routes.super_admin,deactivate_super_admin_route,web/routes/super_admin.py,437,super_admin/users.html;super_admin/_partials/_users_table.html,super_admin,0
transactions,GET,/api/transactions/blotter,web.routes.transactions,get_blotter,web/routes/transactions.py,4212,_partials/transactions/_blotter.html,session,0
transactions,POST,/api/transactions/book,web.routes.transactions,post_book,web/routes/transactions.py,3188,_partials/transactions/_order_confirmation.html;_partials/transactions/_wizard.html,session,0
transactions,POST,/api/transactions/cash-position,web.routes.transactions,post_cash_position,web/routes/transactions.py,3543,_partials/transactions/_wizard.html,session,0
transactions,GET,/api/transactions/chooser,web.routes.transactions,get_chooser,web/routes/transactions.py,3968,_partials/transactions/_chooser.html,session,0
transactions,GET,/api/transactions/commitment-form,web.routes.transactions,get_commitment_form,web/routes/transactions.py,3712,_partials/transactions/_commitment_composer.html;_partials/transactions/_commitment_recalc.html;_partials/transactions/_order_composer.html;_partials/transactions/_order_recalc.html;_partials/transactions/_secondary_buy_composer.html;_partials/transactions/_secondary_buy_recalc.html;_partials/transactions/_secondary_sale_composer.html;_partials/transactions/_secondary_sale_recalc.html;_partials/transactions/_wizard_recalc.html,session,0
transactions,POST,/api/transactions/draft,web.routes.transactions,post_draft,web/routes/transactions.py,3056,_partials/transactions/_wizard.html,session,0
transactions,GET,/api/transactions/history,web.routes.transactions,get_history,web/routes/transactions.py,4725,_partials/transactions/_history.html,session,0
transactions,GET,/api/transactions/history/{ticket_id},web.routes.transactions,get_history_detail,web/routes/transactions.py,4791,_partials/transactions/_history_detail.html,session,0
transactions,GET,/api/transactions/negative-cash,web.routes.transactions,get_negative_cash,web/routes/transactions.py,5053,_partials/transactions/_negative_cash.html,session,0
transactions,GET,/api/transactions/order-form,web.routes.transactions,get_order_form,web/routes/transactions.py,3658,_partials/transactions/_commitment_composer.html;_partials/transactions/_commitment_recalc.html;_partials/transactions/_order_composer.html;_partials/transactions/_order_recalc.html;_partials/transactions/_secondary_buy_composer.html;_partials/transactions/_secondary_buy_recalc.html;_partials/transactions/_secondary_sale_composer.html;_partials/transactions/_secondary_sale_recalc.html;_partials/transactions/_wizard_recalc.html,session,0
transactions,POST,/api/transactions/propose,web.routes.transactions,post_propose,web/routes/transactions.py,3152,_partials/transactions/_order_confirmation.html;_partials/transactions/_wizard.html,session,0
transactions,POST,/api/transactions/recalc,web.routes.transactions,post_recalc,web/routes/transactions.py,3996,_partials/transactions/_commitment_composer.html;_partials/transactions/_commitment_recalc.html;_partials/transactions/_order_composer.html;_partials/transactions/_order_recalc.html;_partials/transactions/_secondary_buy_composer.html;_partials/transactions/_secondary_buy_recalc.html;_partials/transactions/_secondary_sale_composer.html;_partials/transactions/_secondary_sale_recalc.html;_partials/transactions/_wizard_recalc.html,session,0
transactions,POST,/api/transactions/resolve-identifier,web.routes.transactions,post_resolve_identifier,web/routes/transactions.py,3874,_partials/transactions/_wizard.html,session,0
transactions,GET,/api/transactions/secondary-buy-form,web.routes.transactions,get_secondary_buy_form,web/routes/transactions.py,3739,_partials/transactions/_commitment_composer.html;_partials/transactions/_commitment_recalc.html;_partials/transactions/_order_composer.html;_partials/transactions/_order_recalc.html;_partials/transactions/_secondary_buy_composer.html;_partials/transactions/_secondary_buy_recalc.html;_partials/transactions/_secondary_sale_composer.html;_partials/transactions/_secondary_sale_recalc.html;_partials/transactions/_wizard_recalc.html,session,0
transactions,GET,/api/transactions/secondary-sale-form,web.routes.transactions,get_secondary_sale_form,web/routes/transactions.py,3681,_partials/transactions/_commitment_composer.html;_partials/transactions/_commitment_recalc.html;_partials/transactions/_order_composer.html;_partials/transactions/_order_recalc.html;_partials/transactions/_secondary_buy_composer.html;_partials/transactions/_secondary_buy_recalc.html;_partials/transactions/_secondary_sale_composer.html;_partials/transactions/_secondary_sale_recalc.html;_partials/transactions/_wizard_recalc.html,session,0
transactions,GET,/api/transactions/ticket/{ticket_id},web.routes.transactions,get_ticket,web/routes/transactions.py,4326,_partials/transactions/_wizard.html,session,0
transactions,GET,/api/transactions/ticket/{ticket_id}/cancel,web.routes.transactions,get_cancel_panel,web/routes/transactions.py,4393,_partials/transactions/_cancel_panel.html,session,0
transactions,POST,/api/transactions/ticket/{ticket_id}/cancel,web.routes.transactions,post_cancel,web/routes/transactions.py,4421,_partials/transactions/_cancel_panel.html;_partials/transactions/_blotter.html,session,0
transactions,GET,/api/transactions/ticket/{ticket_id}/impact,web.routes.transactions,get_impact_panel,web/routes/transactions.py,5194,_partials/transactions/_impact_panel.html,session,0
transactions,GET,/api/transactions/ticket/{ticket_id}/reverse,web.routes.transactions,get_reverse_panel,web/routes/transactions.py,4902,_partials/transactions/_reverse_panel.html,session,0
transactions,POST,/api/transactions/ticket/{ticket_id}/reverse,web.routes.transactions,post_reverse,web/routes/transactions.py,4962,_partials/transactions/_history.html;_partials/transactions/_reverse_panel.html,session,0
transactions,GET,/api/transactions/wizard,web.routes.transactions,get_wizard,web/routes/transactions.py,3819,_partials/transactions/_wizard.html,session,0
transactions,GET,/transactions,web.routes.areas,transactions_view,web/routes/areas.py,309,areas/transactions.html;_partials/area_fragment.html,session,0
unassigned,GET,/,web.routes.chat,root_redirect,web/routes/chat.py,1437,,session,0
unassigned,GET,/api/chat/pin-chart,web.routes.chat,get_pin_chart_dialog,web/routes/chat.py,2432,_partials/chat_pin_chart_dialog.html,session,1
unassigned,POST,/api/chat/pin-chart,web.routes.chat,post_pin_chart,web/routes/chat.py,2478,_partials/chat_pin_chart_dialog.html;_partials/chat_pin_confirm.html,session,0
unassigned,GET,/api/chat/pin-consultation,web.routes.chat,get_pin_consultation_dialog,web/routes/chat.py,2216,_partials/chat_pin_dialog.html,session,1
unassigned,POST,/api/chat/pin-consultation,web.routes.chat,post_pin_consultation,web/routes/chat.py,2262,_partials/chat_pin_confirm.html;_partials/chat_pin_dialog.html,session,0
unassigned,GET,/api/cmd-search,web.routes.cmd_search,cmd_search,web/routes/cmd_search.py,91,,session,1
unassigned,POST,/chat/brief/dismiss,web.routes.chat,dismiss_brief,web/routes/chat.py,2164,,session,0
unassigned,GET,/chat/history,web.routes.chat,get_chat_history,web/routes/chat.py,2067,_partials/chat_empty.html;_partials/chat_history.html,session,0
unassigned,POST,/chat/messages,web.routes.chat,post_message,web/routes/chat.py,1595,_partials/turn_started.html;_partials/chat_error.html,session,0
unassigned,POST,/chat/new,web.routes.chat,new_chat,web/routes/chat.py,2034,_partials/chat_empty.html,session,0
unassigned,GET,/chat/stream/{turn_id},web.routes.chat,chat_stream,web/routes/chat.py,1794,,session,1
unassigned,POST,/chat/tts,web.routes.chat,post_tts,web/routes/chat.py,1717,,session,1
unassigned,POST,/chat/voice,web.routes.chat,post_voice,web/routes/chat.py,1658,_partials/turn_started.html;_partials/chat_error.html,session,1
unassigned,GET,/docs,fastapi.applications,swagger_ui_html,.venv/lib/python3.13/site-packages/fastapi/applications.py,1119,,none,0
unassigned,GET,/docs/oauth2-redirect,fastapi.applications,swagger_ui_redirect,.venv/lib/python3.13/site-packages/fastapi/applications.py,1137,,none,0
unassigned,GET,/favicon.ico,web.main,_favicon,web/main.py,410,,none,0
unassigned,GET,/health,web.routes.health,health,web/routes/health.py,55,,none,0
unassigned,GET,/login,web.routes.login,login_form,web/routes/login.py,122,login.html,none,0
unassigned,POST,/login,web.routes.login,login_submit,web/routes/login.py,140,login.html,none,0
unassigned,GET,/openapi.json,fastapi.applications,openapi,.venv/lib/python3.13/site-packages/fastapi/applications.py,1104,,none,0
unassigned,GET,/redoc,fastapi.applications,redoc_html,.venv/lib/python3.13/site-packages/fastapi/applications.py,1147,,none,0
watch_desk,GET,/api/watch-desk/briefing,web.routes.watch_desk,get_briefing,web/routes/watch_desk.py,1914,_partials/watch_desk_briefing.html,session,0
watch_desk,GET,/api/watch-desk/briefing/poll,web.routes.watch_desk,poll_briefing,web/routes/watch_desk.py,1973,_partials/watch_desk_briefing.html,session,0
watch_desk,POST,/api/watch-desk/cadence,web.routes.watch_desk,save_cadence,web/routes/watch_desk.py,4078,_partials/watch_desk_cadence_panel.html,session,0
watch_desk,GET,/api/watch-desk/calibration,web.routes.watch_desk,get_calibration,web/routes/watch_desk.py,2684,_partials/watch_desk_calibration.html,session,0
watch_desk,POST,/api/watch-desk/calibration,web.routes.watch_desk,save_calibration,web/routes/watch_desk.py,2808,_partials/watch_desk_calibration_editor.html,session,0
watch_desk,POST,/api/watch-desk/findings/{finding_id}/open-case,web.routes.watch_desk,open_case,web/routes/watch_desk.py,2232,_partials/watch_desk_resolve_error.html,session,0
watch_desk,POST,/api/watch-desk/findings/{finding_id}/resolve,web.routes.watch_desk,resolve_finding,web/routes/watch_desk.py,2135,_partials/watch_desk_briefing_feed.html;_partials/watch_desk_resolve_error.html,session,0
watch_desk,GET,/api/watch-desk/journal,web.routes.watch_desk,get_journal,web/routes/watch_desk.py,2369,_partials/watch_desk_journal.html,session,0
watch_desk,POST,/api/watch-desk/request-analysis,web.routes.watch_desk,request_analysis,web/routes/watch_desk.py,2057,_partials/watch_desk_request_analysis_result.html,session,0
watch_desk,POST,/api/watch-desk/watchpoints,web.routes.watch_desk,create_watchpoint,web/routes/watch_desk.py,3721,_partials/watch_desk_monitor.html;_partials/watch_desk_watchpoint_list.html;_partials/watch_desk_resolve_error.html,session,0
watch_desk,GET,/api/watch-desk/watchpoints/new,web.routes.watch_desk,get_watchpoint_form,web/routes/watch_desk.py,3672,_partials/watch_desk_watchpoint_form.html;_partials/watch_desk_resolve_error.html,session,0
watch_desk,GET,/api/watch-desk/watchpoints/overlay,web.routes.watch_desk,get_overlay_editor,web/routes/watch_desk.py,3047,_partials/watch_desk_sensitivity_editor.html;_partials/watch_desk_resolve_error.html,session,0
watch_desk,POST,/api/watch-desk/watchpoints/overlay,web.routes.watch_desk,save_overlay,web/routes/watch_desk.py,3108,_partials/watch_desk_resolve_error.html;_partials/watch_desk_monitor.html;_partials/watch_desk_watchpoint_list.html,session,0
watch_desk,GET,/api/watch-desk/watchpoints/{watchpoint_id}/edit,web.routes.watch_desk,get_watchpoint_editor,web/routes/watch_desk.py,3847,_partials/watch_desk_watchpoint_form.html;_partials/watch_desk_resolve_error.html,session,0
watch_desk,GET,/api/watch-desk/watchpoints/{watchpoint_id}/history,web.routes.watch_desk,get_watchpoint_history,web/routes/watch_desk.py,4019,_partials/watch_desk_watchpoint_history.html;_partials/watch_desk_resolve_error.html,session,0
watch_desk,POST,/api/watch-desk/watchpoints/{watchpoint_id}/retire,web.routes.watch_desk,retire_watchpoint,web/routes/watch_desk.py,3969,_partials/watch_desk_watchpoint_list.html;_partials/watch_desk_resolve_error.html,session,0
watch_desk,POST,/api/watch-desk/watchpoints/{watchpoint_id}/revise,web.routes.watch_desk,revise_watchpoint,web/routes/watch_desk.py,3893,_partials/watch_desk_monitor.html;_partials/watch_desk_watchpoint_list.html;_partials/watch_desk_resolve_error.html,session,0
watch_desk,GET,/watch-desk,web.routes.areas,watch_desk_view,web/routes/areas.py,257,areas/watch_desk.html;_partials/area_fragment.html,session,0
